{"stats":{"minecraft:mined":{"minecraft:large_fern":1,"minecraft:purple_bed":1,"minecraft:furnace":1,"minecraft:spruce_log":29,"minecraft:crafting_table":5,"minecraft:grass_block":1,"minecraft:dirt":6,"minecraft:spruce_leaves":12,"minecraft:stone":59,"minecraft:sugar_cane":1,"minecraft:wall_torch":2},"minecraft:broken":{"minecraft:wooden_pickaxe":1},"minecraft:custom":{"minecraft:time_since_rest":38159,"minecraft:interact_with_furnace":13,"minecraft:sprint_one_cm":106805,"minecraft:damage_taken":140,"minecraft:walk_one_cm":47660,"minecraft:mob_kills":9,"minecraft:drop":2,"minecraft:damage_dealt":980,"minecraft:swim_one_cm":2365,"minecraft:interact_with_crafting_table":7,"minecraft:fly_one_cm":49456,"minecraft:open_chest":8,"minecraft:crouch_one_cm":1146,"minecraft:play_time":38159,"minecraft:sneak_time":2624,"minecraft:walk_under_water_one_cm":540,"minecraft:jump":302,"minecraft:leave_game":2,"minecraft:time_since_death":38159,"minecraft:walk_on_water_one_cm":1823,"minecraft:total_world_time":38159,"minecraft:fall_one_cm":6405},"minecraft:used":{"minecraft:cooked_mutton":2,"minecraft:stone_sword":1,"minecraft:stone_pickaxe":1,"minecraft:wooden_pickaxe":59,"minecraft:stone_axe":44,"minecraft:torch":2,"minecraft:dirt":8,"minecraft:cobblestone":3,"minecraft:crafting_table":4,"minecraft:furnace":1,"minecraft:cooked_porkchop":3},"minecraft:dropped":{"minecraft:torch":1,"minecraft:spruce_sapling":2},"minecraft:picked_up":{"minecraft:stick":4,"minecraft:crafting_table":5,"minecraft:cooked_porkchop":3,"minecraft:torch":2,"minecraft:porkchop":15,"minecraft:spruce_sapling":8,"minecraft:spruce_log":29,"minecraft:dirt":24,"minecraft:purple_bed":1,"minecraft:sugar_cane":4,"minecraft:black_wool":1,"minecraft:mutton":2,"minecraft:cobblestone":59,"minecraft:furnace":1},"minecraft:crafted":{"minecraft:charcoal":8,"minecraft:cooked_porkchop":10,"minecraft:crafting_table":1,"minecraft:spruce_planks":32,"minecraft:stick":16,"minecraft:wooden_pickaxe":1,"minecraft:stone_pickaxe":1,"minecraft:stone_sword":1,"minecraft:furnace":1,"minecraft:torch":12,"minecraft:stone_axe":1,"minecraft:air":0,"minecraft:cooked_mutton":2},"minecraft:killed":{"minecraft:sheep":1,"minecraft:zombie":1,"minecraft:pig":7}},"DataVersion":3955}