{"stats":{"minecraft:mined":{"minecraft:large_fern":1,"minecraft:spruce_log":29,"minecraft:crafting_table":4,"minecraft:grass_block":1,"minecraft:dirt":2,"minecraft:spruce_leaves":10,"minecraft:stone":59},"minecraft:broken":{"minecraft:wooden_pickaxe":1},"minecraft:custom":{"minecraft:time_since_rest":17746,"minecraft:interact_with_furnace":13,"minecraft:sprint_one_cm":24238,"minecraft:damage_taken":40,"minecraft:walk_one_cm":20363,"minecraft:mob_kills":8,"minecraft:drop":1,"minecraft:damage_dealt":780,"minecraft:interact_with_crafting_table":6,"minecraft:fly_one_cm":7074,"minecraft:play_time":17746,"minecraft:jump":72,"minecraft:time_since_death":17746,"minecraft:total_world_time":17746,"minecraft:fall_one_cm":569},"minecraft:used":{"minecraft:wooden_pickaxe":59,"minecraft:stone_axe":42,"minecraft:dirt":1,"minecraft:cobblestone":3,"minecraft:crafting_table":3,"minecraft:furnace":1,"minecraft:cooked_porkchop":1},"minecraft:dropped":{"minecraft:spruce_sapling":2},"minecraft:picked_up":{"minecraft:stick":2,"minecraft:crafting_table":3,"minecraft:porkchop":15,"minecraft:spruce_sapling":8,"minecraft:spruce_log":29,"minecraft:dirt":3,"minecraft:black_wool":1,"minecraft:mutton":2,"minecraft:cobblestone":59},"minecraft:crafted":{"minecraft:charcoal":8,"minecraft:cooked_porkchop":10,"minecraft:crafting_table":1,"minecraft:spruce_planks":32,"minecraft:stick":8,"minecraft:wooden_pickaxe":1,"minecraft:stone_pickaxe":1,"minecraft:stone_sword":1,"minecraft:furnace":1,"minecraft:stone_axe":1,"minecraft:cooked_mutton":2,"minecraft:air":0},"minecraft:killed":{"minecraft:sheep":1,"minecraft:pig":7}},"DataVersion":3955}