{"stats":{"minecraft:mined":{"minecraft:large_fern":1,"minecraft:furnace":1,"minecraft:spruce_log":29,"minecraft:crafting_table":5,"minecraft:grass_block":1,"minecraft:dirt":6,"minecraft:spruce_leaves":12,"minecraft:stone":59,"minecraft:wall_torch":1},"minecraft:broken":{"minecraft:wooden_pickaxe":1},"minecraft:custom":{"minecraft:time_since_rest":29525,"minecraft:interact_with_furnace":13,"minecraft:sprint_one_cm":78760,"minecraft:damage_taken":120,"minecraft:walk_one_cm":34197,"minecraft:mob_kills":9,"minecraft:drop":2,"minecraft:damage_dealt":980,"minecraft:swim_one_cm":2365,"minecraft:interact_with_crafting_table":7,"minecraft:fly_one_cm":39098,"minecraft:open_chest":6,"minecraft:crouch_one_cm":1,"minecraft:play_time":29525,"minecraft:sneak_time":3,"minecraft:walk_under_water_one_cm":540,"minecraft:jump":246,"minecraft:leave_game":1,"minecraft:time_since_death":29525,"minecraft:walk_on_water_one_cm":1823,"minecraft:total_world_time":29525,"minecraft:fall_one_cm":4687},"minecraft:used":{"minecraft:cooked_mutton":2,"minecraft:stone_sword":1,"minecraft:stone_pickaxe":1,"minecraft:wooden_pickaxe":59,"minecraft:stone_axe":44,"minecraft:torch":1,"minecraft:dirt":8,"minecraft:cobblestone":3,"minecraft:crafting_table":4,"minecraft:furnace":1,"minecraft:cooked_porkchop":2},"minecraft:dropped":{"minecraft:torch":1,"minecraft:spruce_sapling":2},"minecraft:picked_up":{"minecraft:stick":4,"minecraft:crafting_table":5,"minecraft:torch":1,"minecraft:porkchop":15,"minecraft:spruce_sapling":8,"minecraft:spruce_log":29,"minecraft:dirt":24,"minecraft:black_wool":1,"minecraft:mutton":2,"minecraft:cobblestone":59,"minecraft:furnace":1},"minecraft:crafted":{"minecraft:charcoal":8,"minecraft:cooked_porkchop":10,"minecraft:crafting_table":1,"minecraft:spruce_planks":32,"minecraft:stick":16,"minecraft:wooden_pickaxe":1,"minecraft:stone_pickaxe":1,"minecraft:stone_sword":1,"minecraft:furnace":1,"minecraft:torch":12,"minecraft:stone_axe":1,"minecraft:air":0,"minecraft:cooked_mutton":2},"minecraft:killed":{"minecraft:sheep":1,"minecraft:zombie":1,"minecraft:pig":7}},"DataVersion":3955}