{"stats":{"minecraft:picked_up":{"minecraft:stick":4,"minecraft:crafting_table":6,"minecraft:cooked_porkchop":3,"minecraft:torch":2,"minecraft:porkchop":15,"minecraft:spruce_sapling":8,"minecraft:spruce_log":29,"minecraft:dirt":24,"minecraft:purple_bed":3,"minecraft:gray_wool":1,"minecraft:black_wool":1,"minecraft:sugar_cane":4,"minecraft:mutton":7,"minecraft:white_wool":2,"minecraft:cobblestone":59,"minecraft:furnace":2},"minecraft:used":{"minecraft:cooked_mutton":2,"minecraft:stone_sword":8,"minecraft:stone_pickaxe":2,"minecraft:wooden_pickaxe":59,"minecraft:stone_axe":45,"minecraft:torch":2,"minecraft:dirt":8,"minecraft:cobblestone":3,"minecraft:purple_bed":2,"minecraft:crafting_table":5,"minecraft:furnace":2,"minecraft:cooked_porkchop":3},"minecraft:dropped":{"minecraft:torch":1,"minecraft:crafting_table":1,"minecraft:spruce_sapling":2},"minecraft:broken":{"minecraft:wooden_pickaxe":1},"minecraft:custom":{"minecraft:time_since_rest":5900,"minecraft:sprint_one_cm":131908,"minecraft:interact_with_furnace":13,"minecraft:damage_taken":140,"minecraft:walk_one_cm":66326,"minecraft:mob_kills":12,"minecraft:drop":3,"minecraft:damage_dealt":1220,"minecraft:swim_one_cm":2365,"minecraft:interact_with_crafting_table":7,"minecraft:fly_one_cm":55705,"minecraft:open_chest":11,"minecraft:crouch_one_cm":1146,"minecraft:play_time":76495,"minecraft:sneak_time":2636,"minecraft:walk_under_water_one_cm":540,"minecraft:jump":379,"minecraft:leave_game":4,"minecraft:time_since_death":76495,"minecraft:walk_on_water_one_cm":1823,"minecraft:sleep_in_bed":2,"minecraft:total_world_time":76495,"minecraft:fall_one_cm":8317},"minecraft:mined":{"minecraft:large_fern":2,"minecraft:purple_bed":3,"minecraft:furnace":2,"minecraft:spruce_log":29,"minecraft:crafting_table":6,"minecraft:grass_block":1,"minecraft:dirt":6,"minecraft:spruce_leaves":12,"minecraft:stone":59,"minecraft:sugar_cane":1,"minecraft:wall_torch":2},"minecraft:crafted":{"minecraft:charcoal":8,"minecraft:cooked_porkchop":10,"minecraft:crafting_table":1,"minecraft:spruce_planks":32,"minecraft:stick":16,"minecraft:wooden_pickaxe":1,"minecraft:stone_pickaxe":1,"minecraft:stone_sword":1,"minecraft:furnace":1,"minecraft:torch":12,"minecraft:stone_axe":1,"minecraft:cooked_mutton":2,"minecraft:air":0},"minecraft:killed":{"minecraft:sheep":4,"minecraft:zombie":1,"minecraft:pig":7}},"DataVersion":3955}