{"stats":{"minecraft:picked_up":{"minecraft:feather":2,"minecraft:cooked_beef":8,"minecraft:chicken":3,"minecraft:leather":4,"minecraft:oak_log":2,"minecraft:gunpowder":3,"minecraft:string":2,"minecraft:blue_bed":2,"minecraft:dirt":22,"minecraft:kelp":1,"minecraft:wheat_seeds":1,"minecraft:beef":8,"minecraft:cooked_chicken":3,"minecraft:spruce_trapdoor":1,"minecraft:raw_iron":2,"minecraft:stick":3,"minecraft:cooked_porkchop":3,"minecraft:sweet_berries":98,"minecraft:torch":2,"minecraft:porkchop":6,"minecraft:spruce_sapling":3,"minecraft:spruce_log":13,"minecraft:spider_eye":1,"minecraft:arrow":2,"minecraft:rotten_flesh":8,"minecraft:mutton":2,"minecraft:coal":16,"minecraft:white_wool":1,"minecraft:cobblestone":26},"minecraft:used":{"minecraft:stone_sword":62,"minecraft:stone_pickaxe":23,"minecraft:wooden_pickaxe":3,"minecraft:blue_bed":2,"minecraft:torch":2,"minecraft:dirt":1,"minecraft:crafting_table":1,"minecraft:bread":3,"minecraft:iron_pickaxe":18,"minecraft:stone_axe":4,"minecraft:sweet_berries":34,"minecraft:cooked_porkchop":5,"minecraft:cooked_beef":1,"minecraft:kelp":1},"minecraft:dropped":{"minecraft:wheat_seeds":1,"minecraft:rotten_flesh":5},"minecraft:custom":{"minecraft:interact_with_smithing_table":1,"minecraft:interact_with_furnace":5,"minecraft:mob_kills":20,"minecraft:interact_with_crafting_table":5,"minecraft:interact_with_campfire":17,"minecraft:leave_game":1,"minecraft:time_since_death":71388,"minecraft:sleep_in_bed":3,"minecraft:time_since_rest":3628,"minecraft:sprint_one_cm":164060,"minecraft:damage_taken":724,"minecraft:walk_one_cm":125791,"minecraft:drop":4,"minecraft:damage_dealt":2826,"minecraft:swim_one_cm":7331,"minecraft:fly_one_cm":206654,"minecraft:open_chest":8,"minecraft:crouch_one_cm":2955,"minecraft:play_time":71388,"minecraft:sneak_time":1483,"minecraft:walk_under_water_one_cm":5186,"minecraft:jump":1167,"minecraft:walk_on_water_one_cm":14589,"minecraft:total_world_time":71388,"minecraft:fall_one_cm":30254},"minecraft:mined":{"minecraft:grass_block":8,"minecraft:spruce_leaves":18,"minecraft:kelp":1,"minecraft:wall_torch":1,"minecraft:blue_bed":2,"minecraft:large_fern":4,"minecraft:iron_ore":2,"minecraft:sweet_berry_bush":27,"minecraft:spruce_log":13,"minecraft:coal_ore":16,"minecraft:dirt":5,"minecraft:stone":26},"minecraft:crafted":{"minecraft:cooked_porkchop":5,"minecraft:crafting_table":1,"minecraft:spruce_planks":36,"minecraft:wooden_pickaxe":1,"minecraft:stone_axe":1,"minecraft:air":0,"minecraft:stick":4,"minecraft:stone_pickaxe":1,"minecraft:stone_sword":1},"minecraft:killed":{"minecraft:pig":3,"minecraft:spider":1,"minecraft:creeper":4,"minecraft:sheep":1,"minecraft:skeleton":1,"minecraft:zombie":4,"minecraft:chicken":3,"minecraft:cow":3}},"DataVersion":3955}