{"stats":{"minecraft:mined":{"minecraft:large_fern":1,"minecraft:iron_ore":2,"minecraft:sweet_berry_bush":27,"minecraft:spruce_log":13,"minecraft:coal_ore":16,"minecraft:grass_block":6,"minecraft:dirt":5,"minecraft:spruce_leaves":18,"minecraft:stone":26,"minecraft:blue_bed":1,"minecraft:wall_torch":1},"minecraft:custom":{"minecraft:time_since_rest":304,"minecraft:interact_with_furnace":5,"minecraft:sprint_one_cm":104177,"minecraft:damage_taken":455,"minecraft:walk_one_cm":89340,"minecraft:mob_kills":15,"minecraft:drop":3,"minecraft:damage_dealt":1846,"minecraft:swim_one_cm":4195,"minecraft:interact_with_crafting_table":5,"minecraft:fly_one_cm":107198,"minecraft:open_chest":6,"minecraft:crouch_one_cm":2955,"minecraft:play_time":40890,"minecraft:interact_with_campfire":17,"minecraft:sneak_time":1451,"minecraft:walk_under_water_one_cm":4422,"minecraft:jump":650,"minecraft:walk_on_water_one_cm":7454,"minecraft:time_since_death":40890,"minecraft:sleep_in_bed":1,"minecraft:total_world_time":40890,"minecraft:fall_one_cm":16671},"minecraft:used":{"minecraft:stone_sword":44,"minecraft:iron_pickaxe":18,"minecraft:bread":3,"minecraft:stone_pickaxe":23,"minecraft:wooden_pickaxe":3,"minecraft:stone_axe":4,"minecraft:torch":2,"minecraft:sweet_berries":30,"minecraft:crafting_table":1,"minecraft:cooked_porkchop":2},"minecraft:dropped":{"minecraft:wheat_seeds":1,"minecraft:rotten_flesh":4},"minecraft:picked_up":{"minecraft:raw_iron":2,"minecraft:stick":3,"minecraft:cooked_beef":8,"minecraft:feather":2,"minecraft:chicken":3,"minecraft:cooked_porkchop":3,"minecraft:sweet_berries":98,"minecraft:leather":4,"minecraft:torch":2,"minecraft:porkchop":6,"minecraft:oak_log":2,"minecraft:spruce_sapling":3,"minecraft:spruce_log":13,"minecraft:gunpowder":1,"minecraft:blue_bed":1,"minecraft:dirt":11,"minecraft:spider_eye":1,"minecraft:string":2,"minecraft:arrow":2,"minecraft:rotten_flesh":4,"minecraft:wheat_seeds":1,"minecraft:beef":8,"minecraft:cooked_chicken":3,"minecraft:mutton":2,"minecraft:coal":16,"minecraft:white_wool":1,"minecraft:cobblestone":26},"minecraft:crafted":{"minecraft:cooked_porkchop":5,"minecraft:crafting_table":1,"minecraft:stick":4,"minecraft:spruce_planks":36,"minecraft:wooden_pickaxe":1,"minecraft:stone_pickaxe":1,"minecraft:stone_sword":1,"minecraft:stone_axe":1,"minecraft:air":0},"minecraft:killed":{"minecraft:sheep":1,"minecraft:skeleton":1,"minecraft:zombie":2,"minecraft:pig":3,"minecraft:chicken":3,"minecraft:spider":1,"minecraft:creeper":1,"minecraft:cow":3}},"DataVersion":3955}