{"stats":{"minecraft:mined":{"minecraft:grass_block":5,"minecraft:dirt":5,"minecraft:spruce_leaves":12,"minecraft:spruce_log":13,"minecraft:stone":26},"minecraft:custom":{"minecraft:time_since_rest":16890,"minecraft:interact_with_furnace":5,"minecraft:play_time":16890,"minecraft:sprint_one_cm":28327,"minecraft:damage_taken":95,"minecraft:walk_one_cm":24777,"minecraft:sneak_time":2,"minecraft:mob_kills":3,"minecraft:jump":200,"minecraft:damage_dealt":544,"minecraft:time_since_death":16890,"minecraft:total_world_time":16890,"minecraft:interact_with_crafting_table":5,"minecraft:fall_one_cm":7359,"minecraft:fly_one_cm":32428},"minecraft:used":{"minecraft:stone_axe":4,"minecraft:stone_sword":12,"minecraft:crafting_table":1,"minecraft:cooked_porkchop":1,"minecraft:stone_pickaxe":23,"minecraft:wooden_pickaxe":3},"minecraft:picked_up":{"minecraft:stick":3,"minecraft:porkchop":1,"minecraft:spruce_sapling":2,"minecraft:gunpowder":1,"minecraft:spruce_log":13,"minecraft:dirt":10,"minecraft:cobblestone":26},"minecraft:crafted":{"minecraft:stone_sword":1,"minecraft:cooked_porkchop":5,"minecraft:stone_axe":1,"minecraft:crafting_table":1,"minecraft:spruce_planks":36,"minecraft:stick":4,"minecraft:air":0,"minecraft:stone_pickaxe":1,"minecraft:wooden_pickaxe":1},"minecraft:killed":{"minecraft:spider":1,"minecraft:pig":1,"minecraft:creeper":1}},"DataVersion":3955}