{"stats":{"minecraft:mined":{"minecraft:large_fern":1,"minecraft:iron_ore":2,"minecraft:sweet_berry_bush":2,"minecraft:spruce_log":13,"minecraft:coal_ore":16,"minecraft:grass_block":6,"minecraft:dirt":5,"minecraft:spruce_leaves":12,"minecraft:stone":26,"minecraft:wall_torch":1},"minecraft:custom":{"minecraft:time_since_rest":28890,"minecraft:interact_with_furnace":5,"minecraft:sprint_one_cm":62462,"minecraft:damage_taken":405,"minecraft:walk_one_cm":59297,"minecraft:mob_kills":9,"minecraft:drop":2,"minecraft:damage_dealt":1386,"minecraft:swim_one_cm":2013,"minecraft:interact_with_crafting_table":5,"minecraft:fly_one_cm":65012,"minecraft:open_chest":3,"minecraft:crouch_one_cm":96,"minecraft:play_time":28890,"minecraft:sneak_time":864,"minecraft:walk_under_water_one_cm":4185,"minecraft:jump":398,"minecraft:walk_on_water_one_cm":6660,"minecraft:time_since_death":28890,"minecraft:total_world_time":28890,"minecraft:fall_one_cm":11446},"minecraft:used":{"minecraft:stone_sword":32,"minecraft:iron_pickaxe":18,"minecraft:bread":2,"minecraft:stone_pickaxe":23,"minecraft:wooden_pickaxe":3,"minecraft:stone_axe":4,"minecraft:torch":1,"minecraft:sweet_berries":26,"minecraft:crafting_table":1,"minecraft:cooked_porkchop":1},"minecraft:dropped":{"minecraft:wheat_seeds":1,"minecraft:rotten_flesh":2},"minecraft:picked_up":{"minecraft:raw_iron":2,"minecraft:stick":3,"minecraft:chicken":1,"minecraft:sweet_berries":29,"minecraft:torch":2,"minecraft:porkchop":6,"minecraft:oak_log":2,"minecraft:spruce_sapling":2,"minecraft:spruce_log":13,"minecraft:gunpowder":1,"minecraft:dirt":11,"minecraft:spider_eye":1,"minecraft:string":2,"minecraft:arrow":2,"minecraft:rotten_flesh":4,"minecraft:wheat_seeds":1,"minecraft:coal":16,"minecraft:cobblestone":26},"minecraft:crafted":{"minecraft:cooked_porkchop":5,"minecraft:crafting_table":1,"minecraft:stick":4,"minecraft:spruce_planks":36,"minecraft:wooden_pickaxe":1,"minecraft:stone_pickaxe":1,"minecraft:stone_sword":1,"minecraft:stone_axe":1,"minecraft:air":0},"minecraft:killed":{"minecraft:skeleton":1,"minecraft:zombie":2,"minecraft:pig":3,"minecraft:chicken":1,"minecraft:spider":1,"minecraft:creeper":1}},"DataVersion":3955}