{"stats":{"minecraft:mined":{"minecraft:grass_block":1,"minecraft:dirt":3,"minecraft:spruce_log":67,"minecraft:spruce_leaves":13,"minecraft:stone":11,"minecraft:crafting_table":1},"minecraft:custom":{"minecraft:time_since_rest":10219,"minecraft:crouch_one_cm":333,"minecraft:sprint_one_cm":97,"minecraft:play_time":10219,"minecraft:walk_one_cm":18962,"minecraft:sneak_time":154,"minecraft:jump":55,"minecraft:leave_game":1,"minecraft:time_since_death":10219,"minecraft:total_world_time":10219,"minecraft:fly_one_cm":309,"minecraft:interact_with_crafting_table":2,"minecraft:fall_one_cm":478},"minecraft:used":{"minecraft:stone_axe":63,"minecraft:dirt":3,"minecraft:crafting_table":1,"minecraft:wooden_pickaxe":11},"minecraft:picked_up":{"minecraft:stick":7,"minecraft:crafting_table":1,"minecraft:spruce_sapling":9,"minecraft:spruce_log":67,"minecraft:dirt":4,"minecraft:cobblestone":11},"minecraft:crafted":{"minecraft:stone_sword":1,"minecraft:crafting_table":1,"minecraft:stone_axe":1,"minecraft:spruce_planks":28,"minecraft:stick":8,"minecraft:wooden_pickaxe":1,"minecraft:stone_pickaxe":1}},"DataVersion":3955}